{
  "name": "nutibright",
  "layers": [
    "housenum_label",
    "waterway_label",
    "road_label",
    "poi_label",
    "water_label",
    "place_label",
    "state_label",
    "marine_label",
    "country_label",
    "country_label_line",
    "admin",
    "bridge",
    "road",
    "tunnel",
    "landuse_overlay",
    "building",
    "barrier_line",
    "aeroway",
    "water",
    "waterway",
    "landuse"
  ],
  "styles": [
    "nutibright/style.mss",
    "nutibright/road.mss",
    "nutibright/labels.mss"
  ],
  "nutiparameters": {
    "lang": { "default": "", "values": {
      "": "",
      "en": "_en",
      "de": "_de",
      "fr": "_fr",
      "it": "_it",
      "es": "_es",
      "ru": "_ru",
      "et": "_et",
      "zh": "_zh"
    } },
    "markers3d": { "default": "nutibillboard", "values": {
      "0": "point",
      "1": "nutibillboard"
    } },
    "shields3d": { "default": "nutibillboard", "values": {
      "0": "point",
      "1": "nutibillboard"
    } },
    "texts3d": { "default": "nutibillboard", "values": {
      "0": "point",
      "1": "nutibillboard"
    } },
    "buildings3d": { "default": false, "values": {
      "0": false,
      "1": true
    } }
  }
}
