{
  "name": "voyager",
  "layers": [
    "housenumber",
    "transportation_name",
    "water_name",
    "poi",
    "place",
    "building",
    "transportation",
    "aeroway",
    "waterway",
    "water",
    "boundary",
    "park",
    "landuse",
    "landcover"
  ],
  "styles": [
    "voyager/style.mss",
    "voyager/admin.mss",
    "voyager/hydro.mss",
    "voyager/landuse.mss",
    "voyager/roads.mss",
    "voyager/labels.mss"
  ],
  "nutiparameters": {
    "lang": { "default": "en" },
    "fallback_lang": { "default": "en" },
    "buildings": { "default": 1, "values": {
      "0": 0,
      "1": 1,
      "2": 2
    } },
    "markers3d": { "default": "nutibillboard", "values": {
      "0": "point",
      "1": "nutibillboard"
    } },
    "shields3d": { "default": "nutibillboard", "values": {
      "0": "point",
      "1": "nutibillboard"
    } },
    "texts3d": { "default": "nutibillboard", "values": {
      "0": "point",
      "1": "nutibillboard"
    } }
  }
}
